﻿<?xml version="1.0" encoding="utf-8"?>
<GraphicSetting>
  <GraphicBasic>
    <MSAA>8</MSAA>
    <DirectionalBackLightIntensity>1</DirectionalBackLightIntensity>
    <CameraFOV>35</CameraFOV>
    <enable4KSkinDiffuse>True</enable4KSkinDiffuse>
    <enableSkinDiffuseMipMap>True</enableSkinDiffuseMipMap>
    <StylePreset>metacurve2</StylePreset>
    <SSAOPreset>Ultra</SSAOPreset>
    <SSRPreset>High Quality</SSRPreset>
    <ShadowPreset>Default</ShadowPreset>
  </GraphicBasic>
</GraphicSetting>